{"stats":{"minecraft:dropped":{"minecraft:arrow":1,"minecraft:gunpowder":2,"minecraft:bone":2,"minecraft:egg":1},"minecraft:custom":{"minecraft:time_since_rest":2083,"minecraft:deaths":1,"minecraft:crouch_one_cm":963,"minecraft:play_time":35832,"minecraft:sprint_one_cm":46764,"minecraft:damage_taken":235,"minecraft:walk_one_cm":62858,"minecraft:sneak_time":687,"minecraft:walk_under_water_one_cm":548,"minecraft:mob_kills":2,"minecraft:drop":6,"minecraft:jump":275,"minecraft:damage_dealt":438,"minecraft:leave_game":4,"minecraft:walk_on_water_one_cm":1126,"minecraft:time_since_death":2041,"minecraft:total_world_time":35832,"minecraft:interact_with_crafting_table":1,"minecraft:fall_one_cm":2259,"minecraft:fly_one_cm":104907},"minecraft:picked_up":{"minecraft:bone":3,"minecraft:arrow":2,"minecraft:oak_log":5,"minecraft:gunpowder":4,"minecraft:mutton":1,"minecraft:egg":2},"minecraft:mined":{"minecraft:grass":1,"minecraft:oak_log":7},"minecraft:crafted":{"minecraft:oak_planks":8,"minecraft:crafting_table":1},"minecraft:killed_by":{"minecraft:zombie":1},"minecraft:used":{"minecraft:crafting_table":1,"minecraft:egg":15},"minecraft:killed":{"minecraft:skeleton":1,"minecraft:creeper":1}},"DataVersion":3465}