{"stats":{"minecraft:dropped":{"minecraft:poppy":1,"minecraft:gunpowder":2,"minecraft:allium":1,"minecraft:arrow":1,"minecraft:bone":2,"minecraft:egg":1},"minecraft:custom":{"minecraft:time_since_rest":13641,"minecraft:sprint_one_cm":141081,"minecraft:damage_taken":805,"minecraft:walk_one_cm":124836,"minecraft:mob_kills":10,"minecraft:drop":8,"minecraft:damage_dealt":1386,"minecraft:interact_with_crafting_table":2,"minecraft:fly_one_cm":137072,"minecraft:crouch_one_cm":1225,"minecraft:play_time":56411,"minecraft:deaths":3,"minecraft:sneak_time":717,"minecraft:walk_under_water_one_cm":548,"minecraft:boat_one_cm":104115,"minecraft:jump":514,"minecraft:leave_game":5,"minecraft:time_since_death":13604,"minecraft:walk_on_water_one_cm":1247,"minecraft:total_world_time":56411,"minecraft:fall_one_cm":7465},"minecraft:mined":{"minecraft:crafting_table":1,"minecraft:glow_lichen":2,"minecraft:grass":10,"minecraft:allium":1,"minecraft:oak_log":28,"minecraft:tall_grass":2,"minecraft:oak_leaves":1},"minecraft:picked_up":{"minecraft:crafting_table":1,"minecraft:stick":4,"minecraft:allium":1,"minecraft:feather":2,"minecraft:chicken":1,"minecraft:porkchop":3,"minecraft:oak_log":25,"minecraft:white_bed":1,"minecraft:gunpowder":4,"minecraft:wooden_sword":1,"minecraft:arrow":2,"minecraft:bone":3,"minecraft:rotten_flesh":1,"minecraft:wheat_seeds":2,"minecraft:beef":3,"minecraft:poppy":1,"minecraft:black_wool":1,"minecraft:mutton":3,"minecraft:oak_planks":10,"minecraft:white_wool":1,"minecraft:egg":5},"minecraft:crafted":{"minecraft:oak_planks":28,"minecraft:crafting_table":2,"minecraft:stick":4},"minecraft:killed_by":{"minecraft:spider":2,"minecraft:zombie":1},"minecraft:used":{"minecraft:oak_log":4,"minecraft:wooden_sword":25,"minecraft:beef":3,"minecraft:crafting_table":2,"minecraft:porkchop":3,"minecraft:egg":15},"minecraft:killed":{"minecraft:sheep":2,"minecraft:skeleton":1,"minecraft:zombie":1,"minecraft:pig":2,"minecraft:chicken":2,"minecraft:creeper":1,"minecraft:cow":1}},"DataVersion":3465}