{"stats":{"minecraft:dropped":{"minecraft:bone":1},"minecraft:custom":{"minecraft:jump":154,"minecraft:time_since_rest":23832,"minecraft:damage_dealt":396,"minecraft:crouch_one_cm":755,"minecraft:leave_game":4,"minecraft:sprint_one_cm":6178,"minecraft:play_time":23832,"minecraft:time_since_death":23832,"minecraft:walk_on_water_one_cm":629,"minecraft:walk_one_cm":43320,"minecraft:sneak_time":550,"minecraft:total_world_time":23832,"minecraft:walk_under_water_one_cm":548,"minecraft:mob_kills":2,"minecraft:drop":1,"minecraft:fly_one_cm":89257},"minecraft:picked_up":{"minecraft:arrow":1,"minecraft:bone":2,"minecraft:gunpowder":2,"minecraft:egg":1},"minecraft:used":{"minecraft:egg":15},"minecraft:killed":{"minecraft:skeleton":1,"minecraft:creeper":1}},"DataVersion":3465}