{"stats":{"minecraft:killed":{"minecraft:husk":1,"minecraft:creeper":1,"minecraft:skeleton":1,"minecraft:zombie":1},"minecraft:used":{"minecraft:iron_shovel":12,"minecraft:chest":6,"minecraft:sandstone":39,"minecraft:iron_sword":13,"minecraft:red_bed":3,"minecraft:iron_axe":5,"minecraft:bread":26,"minecraft:iron_pickaxe":167,"biomesoplenty:dried_salt":45,"minecraft:wooden_sword":33,"supplementaries:ash":1,"tombstone:gift":2,"biomesoplenty:wilted_lily":10,"biomesoplenty:dead_log":9},"minecraft:crafted":{"minecraft:wooden_sword":1,"biomesoplenty:dead_planks":4,"minecraft:stick":4},"minecraft:mined":{"minecraft:scaffolding":4,"minecraft:redstone_block":1,"minecraft:red_bed":3,"minecraft:pink_bed":1,"minecraft:brown_carpet":1,"minecraft:orange_terracotta":4,"biomesoplenty:desert_grass":2,"minecraft:oak_fence":2,"minecraft:jungle_stairs":1,"biomesoplenty:bush":2,"minecraft:grass_block":2,"minecraft:melon":6,"minecraft:chest":6,"minecraft:light_gray_bed":1,"biomesoplenty:dried_salt":43,"biomesoplenty:wilted_lily":19,"biomesoplenty:orange_sandstone":19,"minecraft:sandstone":20,"biomesoplenty:dune_grass":2,"minecraft:hay_block":21,"minecraft:carrots":6,"minecraft:wheat":6,"minecraft:oak_log":1,"minecraft:pumpkin":7,"minecraft:black_bed":1,"minecraft:brown_bed":1,"minecraft:grass":2,"minecraft:dirt_path":1,"minecraft:vine":1,"biomesoplenty:dead_log":12,"minecraft:potatoes":1,"minecraft:beetroots":1,"minecraft:oak_stairs":4,"minecraft:dirt":1,"minecraft:sand":16,"minecraft:bone_block":40,"minecraft:oak_leaves":2,"minecraft:jungle_trapdoor":1},"minecraft:picked_up":{"minecraft:wheat":5,"biomesoplenty:dried_salt":47,"minecraft:black_bed":2,"minecraft:brown_bed":1,"biomesoplenty:dead_log":12,"minecraft:oak_log":1,"minecraft:gunpowder":1,"minecraft:paper":34,"minecraft:red_bed":3,"minecraft:iron_axe":2,"minecraft:item_frame":1,"minecraft:beetroot":1,"minecraft:wheat_seeds":4,"minecraft:bucket":1,"minecraft:iron_ingot":2,"minecraft:stripped_oak_wood":4,"minecraft:melon_slice":33,"minecraft:chest":10,"minecraft:iron_sword":1,"minecraft:acacia_sapling":1,"minecraft:scaffolding":4,"minecraft:pink_bed":1,"minecraft:stick":10,"minecraft:sandstone":98,"minecraft:pumpkin":14,"minecraft:torch":6,"minecraft:sand":58,"biomesoplenty:wilted_lily":18,"minecraft:light_gray_bed":3,"minecraft:beetroot_seeds":6,"minecraft:jungle_stairs":1,"biomesoplenty:orange_sandstone":38,"minecraft:hay_block":21,"minecraft:gold_ingot":3,"minecraft:emerald":2,"supplementaries:ash":1,"minecraft:oak_sapling":6,"minecraft:melon_seeds":3,"minecraft:bone_block":50},"minecraft:dropped":{"minecraft:iron_ingot":4,"minecraft:bread":2,"biomesoplenty:dried_salt":2,"minecraft:wheat":58,"minecraft:obsidian":9,"minecraft:beetroot":1,"minecraft:clay_ball":1,"minecraft:black_bed":1,"minecraft:apple":3,"minecraft:golden_apple":1,"minecraft:stick":24,"minecraft:emerald":6,"minecraft:hay_block":21,"minecraft:gunpowder":1,"minecraft:torch":8,"minecraft:beetroot_seeds":6,"minecraft:melon_seeds":3,"minecraft:melon_slice":33,"minecraft:light_gray_bed":2,"minecraft:bone_block":39,"minecraft:sand":64,"minecraft:gold_nugget":29,"minecraft:oak_sapling":6,"minecraft:chest":4,"minecraft:pumpkin":14,"minecraft:brown_bed":1,"minecraft:iron_leggings":2,"biomesoplenty:wilted_lily":8,"biomesoplenty:orange_sandstone":38,"minecraft:sandstone":24,"minecraft:iron_axe":1,"minecraft:cactus":29,"minecraft:paper":45,"biomesoplenty:dead_log":2,"minecraft:black_wool":1,"minecraft:gold_ingot":10},"minecraft:custom":{"minecraft:interact_with_smithing_table":1,"minecraft:interact_with_furnace":26,"minecraft:interact_with_anvil":3,"minecraft:mob_kills":4,"minecraft:interact_with_crafting_table":13,"minecraft:interact_with_loom":2,"minecraft:interact_with_stonecutter":3,"minecraft:leave_game":1,"minecraft:time_since_death":87344,"minecraft:sleep_in_bed":4,"minecraft:climb_one_cm":4314,"minecraft:time_since_rest":12694,"minecraft:sprint_one_cm":302589,"minecraft:damage_taken":1501,"minecraft:walk_one_cm":411365,"minecraft:drop":45,"minecraft:damage_dealt":784,"minecraft:swim_one_cm":7556,"minecraft:fly_one_cm":140075,"minecraft:open_chest":55,"minecraft:crouch_one_cm":708,"minecraft:play_time":99807,"minecraft:sneak_time":90,"tombstone:undead_killed":3,"minecraft:deaths":2,"minecraft:walk_under_water_one_cm":927,"minecraft:jump":1206,"minecraft:interact_with_blast_furnace":6,"minecraft:walk_on_water_one_cm":2541,"minecraft:total_world_time":99807,"minecraft:fall_one_cm":37512}},"DataVersion":3465}