{"stats":{"minecraft:dropped":{"minecraft:gunpowder":2,"minecraft:arrow":1,"minecraft:bone":2,"minecraft:egg":1},"minecraft:custom":{"minecraft:time_since_rest":5062,"minecraft:sprint_one_cm":103158,"minecraft:damage_taken":765,"minecraft:walk_one_cm":107527,"minecraft:mob_kills":6,"minecraft:drop":6,"minecraft:damage_dealt":1123,"minecraft:interact_with_crafting_table":2,"minecraft:fly_one_cm":118260,"minecraft:crouch_one_cm":1063,"minecraft:play_time":47832,"minecraft:deaths":3,"minecraft:sneak_time":700,"minecraft:walk_under_water_one_cm":548,"minecraft:jump":386,"minecraft:leave_game":4,"minecraft:time_since_death":5025,"minecraft:walk_on_water_one_cm":1126,"minecraft:total_world_time":47832,"minecraft:fall_one_cm":4816},"minecraft:mined":{"minecraft:glow_lichen":2,"minecraft:grass":5,"minecraft:allium":1,"minecraft:oak_log":28,"minecraft:tall_grass":2,"minecraft:oak_leaves":1},"minecraft:picked_up":{"minecraft:allium":1,"minecraft:oak_log":25,"minecraft:white_bed":1,"minecraft:gunpowder":4,"minecraft:wooden_sword":1,"minecraft:arrow":2,"minecraft:bone":3,"minecraft:rotten_flesh":1,"minecraft:wheat_seeds":1,"minecraft:beef":3,"minecraft:black_wool":1,"minecraft:mutton":3,"minecraft:white_wool":1,"minecraft:egg":3},"minecraft:crafted":{"minecraft:oak_planks":28,"minecraft:crafting_table":2,"minecraft:stick":4},"minecraft:killed_by":{"minecraft:spider":2,"minecraft:zombie":1},"minecraft:used":{"minecraft:wooden_sword":4,"minecraft:beef":3,"minecraft:crafting_table":2,"minecraft:egg":15},"minecraft:killed":{"minecraft:sheep":2,"minecraft:skeleton":1,"minecraft:zombie":1,"minecraft:creeper":1,"minecraft:cow":1}},"DataVersion":3465}