{"stats":{"minecraft:dropped":{"minecraft:glass_bottle":2,"minecraft:item_frame":4},"minecraft:mined":{"minecraft:grass":13,"minecraft:grass_block":4,"minecraft:wheat":111,"minecraft:tall_grass":3,"minecraft:pumpkin":2,"minecraft:oak_log":2,"minecraft:hay_block":9},"minecraft:used":{"minecraft:item_frame":1,"minecraft:dirt":15,"minecraft:potion":2,"minecraft:bread":5},"minecraft:picked_up":{"minecraft:wheat":110,"minecraft:item_frame":5,"minecraft:pumpkin":2,"minecraft:wheat_seeds":295,"minecraft:hay_block":9,"minecraft:porkchop":2,"minecraft:potion":2,"minecraft:oak_log":2,"minecraft:spruce_sign":1,"minecraft:brown_banner":1,"minecraft:dirt":3,"minecraft:mutton":1,"minecraft:lantern":1,"minecraft:white_wool":1},"minecraft:custom":{"minecraft:open_chest":8,"minecraft:time_since_rest":23803,"minecraft:play_time":32524,"minecraft:crouch_one_cm":2054,"minecraft:sprint_one_cm":67785,"minecraft:deaths":1,"minecraft:damage_taken":680,"minecraft:walk_one_cm":58823,"minecraft:sneak_time":457,"minecraft:mob_kills":2,"minecraft:drop":6,"minecraft:jump":378,"minecraft:damage_dealt":180,"minecraft:time_since_death":24666,"minecraft:total_world_time":32524,"minecraft:climb_one_cm":8828,"minecraft:fly_one_cm":108045,"minecraft:fall_one_cm":15561},"minecraft:killed":{"minecraft:sheep":1,"minecraft:pig":1}},"DataVersion":3465}