{"stats":{"minecraft:dropped":{"minecraft:glass_bottle":2,"minecraft:spruce_sapling":5,"minecraft:armor_stand":1,"minecraft:item_frame":6},"minecraft:mined":{"minecraft:spruce_stairs":1,"minecraft:hay_block":68,"minecraft:melon_stem":1,"minecraft:wheat":116,"minecraft:spruce_log":13,"minecraft:pumpkin":2,"minecraft:brown_bed":2,"minecraft:crafting_table":1,"minecraft:grass":18,"minecraft:grass_block":5,"minecraft:oak_log":2,"minecraft:melon":3,"minecraft:dirt_path":1,"minecraft:acacia_fence":1,"minecraft:glass":2,"minecraft:tall_grass":3,"minecraft:oak_leaves":1,"minecraft:spruce_slab":1},"minecraft:used":{"minecraft:wooden_axe":14,"minecraft:stone_sword":40,"minecraft:bread":23,"minecraft:spruce_planks":1,"minecraft:item_frame":1,"minecraft:dirt":15,"minecraft:potion":2,"minecraft:crafting_table":1,"minecraft:brown_bed":1},"minecraft:crafted":{"minecraft:crafting_table":1,"minecraft:spruce_planks":8,"minecraft:stick":4,"minecraft:wooden_axe":2},"minecraft:picked_up":{"minecraft:iron_chestplate":1,"minecraft:crafting_table":1,"minecraft:wheat":115,"minecraft:pumpkin":2,"minecraft:brown_bed":2,"minecraft:potion":2,"minecraft:porkchop":2,"minecraft:oak_log":2,"minecraft:spruce_sapling":5,"minecraft:spruce_log":13,"minecraft:dirt":4,"minecraft:lantern":1,"minecraft:armor_stand":1,"minecraft:item_frame":7,"minecraft:stone_sword":1,"minecraft:wheat_seeds":295,"minecraft:hay_block":65,"minecraft:iron_ingot":3,"minecraft:spruce_sign":1,"minecraft:brown_banner":1,"minecraft:mutton":1,"minecraft:white_wool":1},"minecraft:custom":{"minecraft:time_since_rest":966,"minecraft:sprint_one_cm":210258,"minecraft:damage_taken":1441,"minecraft:walk_one_cm":115739,"minecraft:mob_kills":13,"minecraft:drop":9,"minecraft:damage_dealt":1814,"minecraft:talked_to_villager":2,"minecraft:swim_one_cm":11722,"minecraft:interact_with_crafting_table":2,"minecraft:fly_one_cm":223382,"minecraft:open_barrel":3,"minecraft:open_chest":30,"tombstone:undead_killed":9,"minecraft:crouch_one_cm":2583,"minecraft:play_time":59750,"minecraft:deaths":1,"minecraft:sneak_time":539,"minecraft:walk_under_water_one_cm":520,"minecraft:eat_cake_slice":1,"minecraft:jump":906,"minecraft:leave_game":1,"minecraft:walk_on_water_one_cm":2016,"minecraft:time_since_death":51892,"minecraft:sleep_in_bed":2,"minecraft:climb_one_cm":8828,"minecraft:total_world_time":59750,"minecraft:fall_one_cm":33352},"minecraft:killed":{"minecraft:skeleton":2,"minecraft:sheep":1,"minecraft:zombie":7,"minecraft:pig":1}},"DataVersion":3465}