{"stats":{"minecraft:dropped":{"minecraft:mutton":1},"minecraft:custom":{"minecraft:time_since_rest":623,"minecraft:crouch_one_cm":654,"minecraft:deaths":1,"minecraft:play_time":33330,"minecraft:sprint_one_cm":41591,"minecraft:damage_taken":300,"minecraft:walk_one_cm":31036,"minecraft:sneak_time":354,"minecraft:walk_under_water_one_cm":139,"minecraft:mob_kills":2,"minecraft:drop":1,"minecraft:jump":282,"minecraft:damage_dealt":198,"minecraft:leave_game":3,"minecraft:time_since_death":560,"minecraft:walk_on_water_one_cm":505,"minecraft:total_world_time":33330,"minecraft:swim_one_cm":576,"minecraft:fall_one_cm":5454,"minecraft:fly_one_cm":298084},"minecraft:picked_up":{"minecraft:bone":1,"minecraft:oak_log":5,"minecraft:oak_planks":2,"minecraft:mutton":4,"minecraft:white_wool":2},"minecraft:mined":{"minecraft:grass":5,"minecraft:oak_log":3},"minecraft:crafted":{"minecraft:oak_planks":20},"minecraft:killed_by":{"minecraft:creeper":1},"minecraft:used":{"minecraft:mutton":3},"minecraft:killed":{"minecraft:sheep":2}},"DataVersion":3465}