{"stats":{"minecraft:used":{"minecraft:leather_chestplate":1,"minecraft:iron_sword":13,"minecraft:crafting_table":2,"minecraft:wooden_axe":1,"minecraft:bread":33,"minecraft:map":3,"minecraft:iron_pickaxe":66,"minecraft:iron_helmet":1,"minecraft:wooden_sword":4,"minecraft:brown_bed":1,"minecraft:golden_pickaxe":33,"minecraft:experience_bottle":1},"minecraft:dropped":{"minecraft:iron_sword":1,"minecraft:wheat_seeds":1,"minecraft:emerald":16,"minecraft:dirt":1,"minecraft:filled_map":2,"supplementaries:ash":1,"minecraft:birch_fence":4,"minecraft:wooden_axe":1,"minecraft:acacia_slab":1,"minecraft:wooden_sword":1,"minecraft:pumpkin":7,"minecraft:bone_block":3,"minecraft:paper":34,"minecraft:gold_ingot":1},"minecraft:mined":{"minecraft:cut_sandstone":6,"minecraft:glass_pane":2,"minecraft:melon_stem":6,"biomesoplenty:desert_grass":5,"minecraft:orange_terracotta":2,"minecraft:crafting_table":2,"biomesoplenty:bush":1,"minecraft:grass_block":3,"minecraft:melon":6,"biomesoplenty:dried_salt":8,"minecraft:tall_grass":1,"minecraft:acacia_slab":1,"minecraft:sugar_cane":4,"minecraft:sandstone":11,"biomesoplenty:dune_grass":1,"minecraft:hay_block":155,"minecraft:cactus":7,"minecraft:blue_terracotta":1,"minecraft:carrots":10,"minecraft:wheat":1,"minecraft:pumpkin_stem":7,"minecraft:pumpkin":7,"minecraft:black_bed":1,"minecraft:grass":2,"biomesoplenty:dead_log":9,"minecraft:potatoes":5,"minecraft:beetroots":6,"minecraft:sand":14,"minecraft:bone_block":77,"minecraft:oak_leaves":2,"minecraft:birch_fence":2},"minecraft:broken":{"minecraft:golden_pickaxe":1},"minecraft:killed":{"minecraft:husk":3,"minecraft:skeleton":1},"minecraft:custom":{"minecraft:interact_with_furnace":11,"minecraft:mob_kills":4,"minecraft:interact_with_crafting_table":9,"minecraft:open_barrel":1,"minecraft:leave_game":4,"minecraft:time_since_death":122728,"minecraft:sleep_in_bed":3,"minecraft:climb_one_cm":6203,"minecraft:time_since_rest":4241,"minecraft:sprint_one_cm":446559,"minecraft:damage_taken":1128,"minecraft:walk_one_cm":262396,"minecraft:trigger_trapped_chest":2,"minecraft:drop":18,"minecraft:damage_dealt":718,"minecraft:swim_one_cm":39470,"minecraft:talked_to_villager":5,"minecraft:fly_one_cm":215607,"minecraft:open_chest":76,"minecraft:crouch_one_cm":1779,"minecraft:play_time":122728,"tombstone:undead_killed":4,"minecraft:sneak_time":766,"minecraft:walk_under_water_one_cm":1233,"minecraft:interact_with_brewingstand":1,"minecraft:jump":1161,"minecraft:walk_on_water_one_cm":3502,"minecraft:total_world_time":122728,"minecraft:fall_one_cm":31378},"minecraft:crafted":{"minecraft:wooden_sword":1,"biomesoplenty:dead_planks":36,"minecraft:crafting_table":1,"minecraft:iron_sword":2,"minecraft:golden_pickaxe":1,"minecraft:bread":586,"minecraft:iron_boots":1,"minecraft:stick":4,"minecraft:iron_pickaxe":1,"minecraft:wooden_axe":1,"minecraft:gold_ingot":3,"minecraft:wheat":1549},"minecraft:picked_up":{"minecraft:wheat":83,"minecraft:crafting_table":2,"minecraft:black_bed":1,"minecraft:leather":2,"biomesoplenty:dead_log":9,"minecraft:oak_stairs":3,"minecraft:potato":15,"minecraft:brown_bed":1,"minecraft:filled_map":1,"minecraft:gunpowder":2,"minecraft:dirt":1,"minecraft:paper":45,"minecraft:iron_axe":1,"minecraft:iron_leggings":1,"minecraft:birch_fence":4,"minecraft:experience_bottle":1,"minecraft:beetroot":6,"minecraft:oak_sign":2,"minecraft:apple":3,"minecraft:wheat_seeds":1,"minecraft:gold_nugget":29,"minecraft:iron_ingot":4,"minecraft:melon_slice":66,"minecraft:sugar_cane":9,"minecraft:stick":24,"minecraft:sandstone":53,"minecraft:pumpkin":21,"minecraft:sand":68,"minecraft:carrot":33,"minecraft:brown_carpet":2,"minecraft:pumpkin_seeds":10,"minecraft:cactus":53,"minecraft:rotten_flesh":6,"minecraft:beetroot_seeds":13,"biomesoplenty:orange_sandstone":19,"minecraft:hay_block":175,"minecraft:golden_apple":1,"minecraft:gold_ingot":10,"minecraft:bread":2,"minecraft:emerald":22,"supplementaries:ash":1,"minecraft:acacia_slab":1,"minecraft:melon_seeds":12,"minecraft:obsidian":9,"minecraft:bone_block":107}},"DataVersion":3465}