{"stats":{"minecraft:dropped":{"minecraft:mutton":1,"minecraft:wooden_sword":1,"minecraft:white_bed":1},"minecraft:custom":{"minecraft:time_since_rest":4636,"minecraft:sprint_one_cm":101183,"minecraft:damage_taken":811,"minecraft:walk_one_cm":63020,"minecraft:mob_kills":11,"minecraft:drop":3,"minecraft:damage_dealt":913,"minecraft:swim_one_cm":4699,"minecraft:interact_with_crafting_table":3,"minecraft:fly_one_cm":311162,"minecraft:crouch_one_cm":654,"minecraft:play_time":45330,"minecraft:deaths":2,"minecraft:sneak_time":354,"minecraft:walk_under_water_one_cm":405,"minecraft:jump":398,"minecraft:leave_game":3,"minecraft:walk_on_water_one_cm":781,"minecraft:time_since_death":4327,"minecraft:sleep_in_bed":1,"minecraft:total_world_time":45330,"minecraft:fall_one_cm":8435},"minecraft:mined":{"minecraft:white_bed":1,"minecraft:birch_log":1,"minecraft:crafting_table":3,"minecraft:grass":25,"minecraft:oak_log":3,"minecraft:tall_grass":10},"minecraft:picked_up":{"minecraft:birch_log":1,"minecraft:crafting_table":4,"minecraft:birch_planks":1,"minecraft:oak_log":11,"minecraft:white_bed":2,"minecraft:string":2,"minecraft:bone":1,"minecraft:wheat_seeds":12,"minecraft:mutton":22,"minecraft:oak_planks":22,"minecraft:white_wool":13},"minecraft:crafted":{"minecraft:wooden_sword":2,"minecraft:oak_planks":44,"minecraft:crafting_table":1,"minecraft:stick":4,"minecraft:white_bed":2,"minecraft:birch_planks":4},"minecraft:killed_by":{"minecraft:creeper":1,"minecraft:witch":1},"minecraft:used":{"minecraft:wooden_sword":3,"minecraft:mutton":13,"minecraft:crafting_table":3,"minecraft:white_bed":1},"minecraft:killed":{"minecraft:sheep":10,"minecraft:spider":1}},"DataVersion":3465}