{"stats":{"minecraft:dropped":{"minecraft:glass_bottle":2,"minecraft:item_frame":4},"minecraft:mined":{"minecraft:grass":1,"minecraft:grass_block":1},"minecraft:used":{"minecraft:item_frame":1,"minecraft:potion":2},"minecraft:picked_up":{"minecraft:potion":2,"minecraft:item_frame":5},"minecraft:custom":{"minecraft:jump":92,"minecraft:time_since_rest":1,"minecraft:crouch_one_cm":2054,"minecraft:sprint_one_cm":27705,"minecraft:play_time":8524,"minecraft:damage_taken":460,"minecraft:time_since_death":666,"minecraft:walk_one_cm":34734,"minecraft:sneak_time":449,"minecraft:climb_one_cm":8584,"minecraft:total_world_time":8524,"minecraft:drop":6,"minecraft:fall_one_cm":5479,"minecraft:fly_one_cm":18633,"minecraft:deaths":1,"minecraft:open_chest":3}},"DataVersion":3465}