{"stats":{"minecraft:dropped":{"minecraft:glass_bottle":2,"minecraft:item_frame":4},"minecraft:mined":{"minecraft:spruce_stairs":1,"minecraft:hay_block":9,"minecraft:wheat":111,"minecraft:spruce_log":13,"minecraft:pumpkin":2,"minecraft:brown_bed":1,"minecraft:crafting_table":1,"minecraft:grass":13,"minecraft:grass_block":4,"minecraft:oak_log":2,"minecraft:dirt_path":1,"minecraft:glass":2,"minecraft:tall_grass":3,"minecraft:oak_leaves":1,"minecraft:spruce_slab":1},"minecraft:used":{"minecraft:wooden_axe":14,"minecraft:bread":8,"minecraft:item_frame":1,"minecraft:dirt":15,"minecraft:potion":2,"minecraft:crafting_table":1},"minecraft:crafted":{"minecraft:crafting_table":1,"minecraft:spruce_planks":8,"minecraft:stick":4,"minecraft:wooden_axe":2},"minecraft:picked_up":{"minecraft:iron_chestplate":1,"minecraft:crafting_table":1,"minecraft:wheat":110,"minecraft:pumpkin":2,"minecraft:brown_bed":1,"minecraft:potion":2,"minecraft:porkchop":2,"minecraft:oak_log":2,"minecraft:spruce_sapling":5,"minecraft:spruce_log":13,"minecraft:dirt":3,"minecraft:lantern":1,"minecraft:armor_stand":1,"minecraft:item_frame":5,"minecraft:wheat_seeds":295,"minecraft:hay_block":9,"minecraft:spruce_sign":1,"minecraft:brown_banner":1,"minecraft:mutton":1,"minecraft:white_wool":1},"minecraft:custom":{"minecraft:time_since_rest":35803,"minecraft:sprint_one_cm":133379,"minecraft:damage_taken":730,"minecraft:walk_one_cm":78817,"minecraft:mob_kills":2,"minecraft:drop":6,"minecraft:damage_dealt":180,"minecraft:interact_with_crafting_table":1,"minecraft:fly_one_cm":181417,"minecraft:open_barrel":2,"minecraft:open_chest":21,"minecraft:crouch_one_cm":2583,"minecraft:play_time":44524,"minecraft:deaths":1,"minecraft:sneak_time":536,"minecraft:jump":644,"minecraft:time_since_death":36666,"minecraft:climb_one_cm":8828,"minecraft:total_world_time":44524,"minecraft:fall_one_cm":25863},"minecraft:killed":{"minecraft:sheep":1,"minecraft:pig":1}},"DataVersion":3465}