{"stats":{"minecraft:dropped":{"minecraft:mutton":1,"minecraft:wooden_sword":1,"minecraft:white_bed":1},"minecraft:custom":{"minecraft:time_since_rest":14680,"minecraft:sprint_one_cm":123763,"minecraft:damage_taken":831,"minecraft:walk_one_cm":78645,"minecraft:mob_kills":17,"minecraft:drop":3,"minecraft:damage_dealt":1443,"minecraft:swim_one_cm":4699,"minecraft:interact_with_crafting_table":4,"minecraft:fly_one_cm":353007,"minecraft:crouch_one_cm":654,"minecraft:play_time":55374,"minecraft:deaths":2,"minecraft:sneak_time":354,"minecraft:walk_under_water_one_cm":405,"minecraft:boat_one_cm":129009,"minecraft:jump":597,"minecraft:leave_game":4,"minecraft:time_since_death":14371,"minecraft:walk_on_water_one_cm":2062,"minecraft:sleep_in_bed":1,"minecraft:total_world_time":55374,"minecraft:fall_one_cm":14966},"minecraft:mined":{"minecraft:white_bed":1,"minecraft:birch_log":1,"minecraft:crafting_table":4,"minecraft:grass":29,"minecraft:oak_log":3,"minecraft:poppy":1,"minecraft:tall_grass":10},"minecraft:picked_up":{"minecraft:birch_log":1,"minecraft:crafting_table":5,"minecraft:birch_planks":1,"minecraft:oak_log":11,"minecraft:white_bed":2,"minecraft:string":2,"minecraft:bone":1,"minecraft:wheat_seeds":15,"minecraft:oak_boat":1,"minecraft:black_wool":1,"minecraft:mutton":32,"minecraft:oak_planks":22,"minecraft:white_wool":18},"minecraft:crafted":{"minecraft:wooden_sword":2,"minecraft:oak_boat":1,"minecraft:oak_planks":44,"minecraft:crafting_table":1,"minecraft:stick":4,"minecraft:wooden_axe":1,"minecraft:white_bed":2,"minecraft:birch_planks":4},"minecraft:killed_by":{"minecraft:creeper":1,"minecraft:witch":1},"minecraft:used":{"minecraft:wooden_axe":1,"minecraft:wooden_sword":24,"minecraft:mutton":25,"minecraft:crafting_table":4,"minecraft:oak_boat":2,"minecraft:white_bed":1},"minecraft:killed":{"minecraft:sheep":16,"minecraft:spider":1}},"DataVersion":3465}